timestamp,close,price_change_1s,price_change_5s,volatility_10s,volume_10s,price_acceleration
1760801923000,106828.67,0.00011987626930931583,0.00011994941451121122,0.0,0.289000004529953,12.8046875
1760801924000,106828.68,7.313111893836322e-08,0.0001200225597131066,0.0,0.24677999317646027,-12.796875
1760801925000,106828.68,0.0,0.0001199494072352536,0.0,0.23375001549720764,-0.0078125
1760801926000,106828.68,0.0,0.0001199494072352536,0.0,0.2235499918460846,0.0
1760801927000,106830.75,1.9379744117031805e-05,0.00013933147420175374,0.0,0.319350004196167,2.0703125
1760801928000,106830.74,-7.312969074746434e-08,1.937974593602121e-05,0.0,0.299780011177063,-2.078125
1760801929000,106832.58,1.7185479009640403e-05,3.6492423532763496e-05,0.0,0.32607999444007874,1.84375
1760801930000,106838.51,5.550448622670956e-05,9.199893975164741e-05,0.0,0.3649199903011322,4.09375
1760801931000,106838.51,0.0,9.199893975164741e-05,0.0,0.3741599917411804,-5.9296875
1760801932000,106838.51,0.0,7.261778227984905e-05,0.0,0.37349995970726013,0.0
1760801933000,106838.5,-7.312438299322821e-08,7.261778955580667e-05,0.0,0.29399001598358154,-0.0078125
1760801934000,106838.51,7.312439009865557e-08,5.550448622670956e-05,0.0,0.2942999601364136,0.015625
1760801935000,106838.51,0.0,0.0,0.0,0.29180997610092163,-0.0078125
1760801936000,106838.5,-7.312438299322821e-08,-7.312438299322821e-08,0.0,0.3423199951648712,-0.0078125
1760801937000,106838.51,7.312439009865557e-08,0.0,0.0,0.2467000037431717,0.015625
1760801938000,106838.5,-7.312438299322821e-08,0.0,0.0,0.2522599995136261,-0.015625
1760801939000,106838.5,0.0,-7.312438299322821e-08,0.0,0.2248300015926361,0.0078125
1760801940000,106838.5,0.0,-7.312438299322821e-08,0.0,0.32907000184059143,0.0
1760801941000,106838.5,0.0,0.0,0.0,0.3534800112247467,0.0
1760801942000,106838.5,0.0,-7.312438299322821e-08,0.0,0.35166001319885254,0.0
1760801943000,106838.51,7.312439009865557e-08,7.312439009865557e-08,0.0,0.29940998554229736,0.0078125
1760801944000,106838.51,0.0,7.312439009865557e-08,0.0,0.2994700074195862,-0.0078125
1760801945000,106838.5,-7.312438299322821e-08,0.0,0.0,0.3052400052547455,-0.0078125
1760801946000,106838.51,7.312439009865557e-08,7.312439009865557e-08,0.0,0.25457000732421875,0.015625
1760801947000,106838.51,0.0,7.312439009865557e-08,0.0,0.25394001603126526,-0.0078125
1760801948000,106838.51,0.0,0.0,0.0,0.24265000224113464,0.0
1760801949000,106841.64,2.9322878617676906e-05,2.9322878617676906e-05,0.0,0.36157000064849854,3.1328125
1760801950000,106848.6,6.515191489597782e-05,9.454983228351921e-05,0.0,0.526710033416748,3.828125
1760801951000,106848.59,-7.311747651783662e-08,9.440357825951651e-05,0.0,0.4948499798774719,-6.96875
1760801952000,106853.52,4.613713099388406e-05,0.00014054506027605385,0.0,0.7350000143051147,4.9375
1760801953000,106856.75,3.0196126317605376e-05,0.0001707454357529059,0.0,0.7400099635124207,-1.703125
1760801954000,106856.75,0.0,0.0001414184080203995,0.0,0.7641799449920654,-3.2265625
1760801955000,106856.75,0.0,7.62615236453712e-05,0.0,0.7584600448608398,0.0
1760801956000,106856.74,-7.31118987573609e-08,7.626153092132881e-05,0.0,0.7616300582885742,-0.0078125
1760801957000,106856.75,7.311190586278826e-08,3.0196126317605376e-05,0.0,0.7658400535583496,0.015625
1760801958000,106856.75,0.0,0.0,0.0,0.76774001121521,-0.0078125
1760801959000,106851.13,-5.256745498627424e-05,-5.256745498627424e-05,0.0,0.7554200887680054,-5.6171875
1760801960000,106837.56,-0.0001270020438823849,-0.00017956281953956932,0.0,0.5951499938964844,-7.953125
1760801961000,106833.25,-4.0365015593124554e-05,-0.00021984749764669687,0.0,0.6250999569892883,9.2578125
1760801962000,106833.25,0.0,-0.00021992059191688895,0.0,0.3901599943637848,4.3125
1760801963000,106833.24,-7.312798544489851e-08,-0.00021999370073899627,0.0,0.43546998500823975,-0.0078125
1760801964000,106826.85,-5.981869253446348e-05,-0.00022724372684024274,0.0,0.4450399875640869,-6.3828125
1760801965000,106826.84,-7.31323623881508e-08,-0.00010032753925770521,0.0,0.44777998328208923,6.3828125
1760801966000,106826.85,7.313236949357815e-08,-5.9891815908486024e-05,0.0,0.5243899822235107,0.015625
1760801967000,106826.85,0.0,-5.9891815908486024e-05,0.0,0.5382399559020996,-0.0078125
1760801968000,106826.85,0.0,-5.981869253446348e-05,0.0,0.5413800477981567,0.0
1760801969000,106826.84,-7.31323623881508e-08,-7.31323623881508e-08,0.0,0.4388499855995178,-0.0078125
1760801970000,106827.01,1.5357796883108676e-06,1.5357796883108676e-06,0.0,0.752020001411438,0.171875
1760801971000,106839.0,0.00011225801426917315,0.00011372082371963188,0.0,0.9572000503540039,11.828125
1760801972000,106838.99,-7.31240490381424e-08,0.00011364769306965172,0.0,0.9542999863624573,-12.0
1760801973000,106843.82,4.5190663513494655e-05,0.0001588434970472008,0.0,1.0139700174331665,4.8359375
1760801974000,106843.93,1.023690515467024e-06,0.00015994049317669123,0.0,0.989590048789978,-4.71875
1760801975000,106843.93,0.0,0.00015840446576476097,0.0,0.9868000745773315,-0.109375
1760801976000,106843.92,-7.312067396014754e-08,4.6068147639743984e-05,0.0,0.9088799953460693,-0.0078125
1760801977000,106843.92,0.0,4.614127828972414e-05,0.0,0.8925200700759888,0.0078125
1760801978000,106843.92,0.0,9.505696993983292e-07,0.0,0.8936100006103516,0.0
1760801979000,106843.93,7.31206810655749e-08,0.0,0.0,0.9102100133895874,0.0078125
1760801980000,106846.5,2.4056700567598455e-05,2.4056700567598455e-05,0.0,0.4901599884033203,2.5625
1760801981000,106846.5,0.0,2.4129823941620998e-05,0.0,0.2532399892807007,-2.5703125
1760801982000,106880.0,0.00031353390659205616,0.0003376712847966701,0.0,3.744220018386841,33.5
1760801983000,106880.0,0.0,0.0003376712847966701,0.0,3.634079933166504,-33.5
1760801985000,106880.0,0.0,0.00031353390659205616,0.0,3.6490402221679688,0.0
1760801986000,106880.0,0.0,0.00031353390659205616,0.0,3.6475000381469727,0.0
1760801986000,106880.0,0.0,0.00031353390659205616,0.0,3.6475000381469727,0.0
1760801988000,106879.99,-7.30959968109346e-08,-7.30959968109346e-08,0.0,3.6586999893188477,-0.0078125
1760801989000,106879.99,0.0,-7.30959968109346e-08,0.0,3.6372599601745605,0.0078125
1760801990000,106879.99,0.0,-7.30959968109346e-08,0.0,3.6309001445770264,0.0
1760801991000,106880.0,7.309600391636195e-08,0.0,0.0,3.635890245437622,0.0078125
1760801992000,106880.0,0.0,0.0,0.0,0.1863499879837036,-0.0078125
1760801993000,106880.0,0.0,7.309600391636195e-08,0.0,0.2517099976539612,0.0
1760801994000,106880.0,0.0,7.309600391636195e-08,0.0,0.28214001655578613,0.0
1760801994000,106880.0,0.0,7.309600391636195e-08,0.0,0.28214001655578613,0.0
1760801996000,106880.0,7.309600391636195e-08,0.0,0.0,0.2739200294017792,0.015625
1760801997000,106893.49,0.00012623678776435554,0.00012623678776435554,0.0,1.8384699821472168,13.484375
1760801998000,106893.48,-1.4617353372159414e-07,0.00012609059922397137,0.0,1.771649956703186,-13.5078125
1760801999000,106893.48,0.0,0.00012609059922397137,0.0,1.788710117340088,0.015625
1760802000000,106893.48,0.0,0.00012616369349416345,0.0,2.007650136947632,0.0
1760802001000,106893.49,1.4617356214330357e-07,0.00012623678776435554,0.0,2.6199800968170166,0.015625
1760802002000,106899.99,6.080819366616197e-05,6.080819366616197e-05,0.0,2.6138598918914795,6.484375
1760802003000,106900.02,2.923293038747943e-07,6.124671926954761e-05,0.0,3.2837400436401367,-6.46875
1760802004000,106909.56,8.923349378164858e-05,0.00015048567729536444,0.0,3.4059898853302,9.5078125
1760802005000,106909.56,0.0,0.00015048567729536444,0.0,3.4067399501800537,-9.5390625
1760802006000,106909.56,0.0,0.00015033948875498027,0.0,3.720369815826416,0.0
1760802007000,106909.57,7.307578187010222e-08,8.959892875282094e-05,0.0,2.151170015335083,0.0078125
1760802008000,106909.57,0.0,8.930657349992543e-05,0.0,2.163560152053833,-0.0078125
1760802009000,106909.57,0.0,7.307578187010222e-08,0.0,2.181040048599243,0.0
1760802010000,106909.56,-7.307577476467486e-08,0.0,0.0,1.9285200834274292,-0.0078125
1760802011000,106909.56,0.0,0.0,0.0,1.3112900257110596,0.0078125
1760802012000,106909.56,0.0,-7.307577476467486e-08,0.0,1.2737399339675903,0.0
1760802013000,106909.56,0.0,-7.307577476467486e-08,0.0,0.5405700206756592,0.0
1760802014000,106909.57,7.307578187010222e-08,0.0,0.0,0.4253000020980835,0.0078125
1760802015000,106909.57,0.0,7.307578187010222e-08,0.0,0.42478999495506287,-0.0078125
1760802016000,106909.57,0.0,7.307578187010222e-08,0.0,0.1110599935054779,0.0
1760802017000,106909.57,0.0,7.307578187010222e-08,0.0,0.11077000200748444,0.0
1760802018000,106909.57,0.0,7.307578187010222e-08,0.0,0.16884000599384308,0.0
1760802019000,106909.56,-7.307577476467486e-08,-7.307577476467486e-08,0.0,0.29142001271247864,-0.0078125
1760802020000,106900.01,-8.937168604461476e-05,-8.944475121097639e-05,0.0,1.2729400396347046,-9.546875
1760802021000,106900.0,-7.308231175784385e-08,-8.951783092925325e-05,0.0,1.2774300575256348,9.546875
1760802022000,106900.0,0.0,-8.951783092925325e-05,0.0,1.2983299493789673,0.0078125
1760802023000,106900.19,1.753975652718509e-06,-8.776401227805763e-05,0.0,1.3799799680709839,0.1875
1760802024000,106900.19,0.0,-8.769093983573839e-05,0.0,1.3275699615478516,-0.1875
1760802025000,106900.19,0.0,1.6808932059575454e-06,0.0,1.3286199569702148,0.0
1760802026000,106900.18,-7.308219096557877e-08,1.6808933196443832e-06,0.0,1.3364399671554565,-0.0078125
1760802027000,106900.19,7.308219807100613e-08,1.753975652718509e-06,0.0,1.335510015487671,0.015625
1760802028000,106900.18,-7.308219096557877e-08,-7.308219096557877e-08,0.0,1.263409972190857,-0.015625
1760802029000,106893.48,-6.270452286116779e-05,-6.277760257944465e-05,0.0,1.5296599864959717,-6.6953125
1760802030000,106893.49,1.4617356214330357e-07,-6.263143586693332e-05,0.0,0.5487100481987,6.71875
1760802031000,106893.48,-1.4617353372159414e-07,-6.270452286116779e-05,0.0,0.5451400279998779,-0.03125
1760802032000,106893.48,0.0,-6.277760257944465e-05,0.0,0.5241000056266785,0.015625
1760802033000,106893.48,0.0,-6.270452286116779e-05,0.0,0.5219600200653076,0.0
1760802034000,106893.49,1.4617356214330357e-07,1.4617356214330357e-07,0.0,0.6517699956893921,0.015625
1760802035000,106893.02,-4.385206011647824e-06,-4.385206011647824e-06,0.0,0.7287400364875793,-0.484375
1760802036000,106882.33,-0.00010005622607422993,-0.00010429483518237248,0.0,1.1605600118637085,-10.2265625
1760802037000,106882.33,0.0,-0.00010429483518237248,0.0,1.162079930305481,10.6953125
1760802038000,106882.32,-7.309440519520649e-08,-0.00010436792217660695,0.0,1.4444900751113892,-0.0078125
1760802039000,106882.33,7.309440519520649e-08,-0.0001044409946189262,0.0,1.077109932899475,0.015625
1760802040000,106882.33,0.0,-0.00010005622607422993,0.0,1.1307100057601929,-0.0078125
1760802041000,106882.32,-7.309440519520649e-08,-7.309440519520649e-08,0.0,1.1402100324630737,-0.0078125
1760802042000,106882.33,7.309440519520649e-08,0.0,0.0,1.1459698677062988,0.015625
1760802043000,106882.33,0.0,7.309440519520649e-08,0.0,1.0650999546051025,-0.0078125
1760802044000,106882.33,0.0,0.0,0.0,0.9361200332641602,0.0
1760802045000,106882.33,0.0,0.0,0.0,3.3651599884033203,0.0
1760802046000,106882.33,0.0,7.309440519520649e-08,0.0,2.990880012512207,0.0
1760802047000,106882.33,0.0,0.0,0.0,2.9935498237609863,0.0
1760802048000,106882.32,-7.309440519520649e-08,-7.309440519520649e-08,0.0,2.7751097679138184,-0.0078125
1760802049000,106882.33,7.309440519520649e-08,0.0,0.0,2.719169855117798,0.015625
1760802050000,106882.33,0.0,0.0,0.0,2.693650007247925,-0.0078125
1760802051000,106882.33,0.0,0.0,0.0,2.7931199073791504,0.0
1760802052000,106882.32,-7.309440519520649e-08,-7.309440519520649e-08,0.0,2.9402098655700684,-0.0078125
1760802053000,106882.32,0.0,0.0,0.0,3.003009796142578,0.0078125
1760802054000,106882.32,0.0,-7.309440519520649e-08,0.0,3.0021798610687256,0.0
1760802055000,106882.33,7.309440519520649e-08,0.0,0.0,0.49650001525878906,0.0078125
1760802056000,106882.32,-7.309440519520649e-08,-7.309440519520649e-08,0.0,0.44356000423431396,-0.015625
1760802057000,106882.32,0.0,0.0,0.0,0.44113999605178833,0.0078125
1760802058000,106882.32,0.0,0.0,0.0,0.3757600486278534,0.0
1760802059000,106882.33,7.309440519520649e-08,7.309440519520649e-08,0.0,0.3758000433444977,0.0078125
1760802060000,106882.33,0.0,0.0,0.0,0.36764001846313477,-0.0078125
1760802061000,106882.33,0.0,7.309440519520649e-08,0.0,0.3075999915599823,0.0
1760802062000,106882.33,0.0,7.309440519520649e-08,0.0,0.1547500044107437,0.0
1760802063000,106882.32,-7.309440519520649e-08,0.0,0.0,0.15561999380588531,-0.0078125
1760802064000,106882.32,0.0,-7.309440519520649e-08,0.0,0.1572600156068802,0.0078125
1760802065000,106882.33,7.309440519520649e-08,0.0,0.0,0.1554899960756302,0.0078125
1760802066000,106882.32,-7.309440519520649e-08,-7.309440519520649e-08,0.0,0.14921000599861145,-0.015625
1760802067000,106882.33,7.309440519520649e-08,0.0,0.0,0.14753998816013336,0.015625
1760802068000,106882.33,0.0,7.309440519520649e-08,0.0,0.1497499942779541,-0.0078125
1760802069000,106882.33,0.0,7.309440519520649e-08,0.0,0.1498199850320816,0.0
1760802070000,106882.33,0.0,0.0,0.0,0.12886999547481537,0.0
1760802071000,106882.33,0.0,7.309440519520649e-08,0.0,0.0805400013923645,0.0
1760802072000,106882.33,0.0,0.0,0.0,0.09372000396251678,0.0
1760802073000,106882.33,0.0,0.0,0.0,0.029339998960494995,0.0
1760802074000,106882.33,0.0,0.0,0.0,0.03460000082850456,0.0
1760802075000,106882.33,0.0,0.0,0.0,0.04535999894142151,0.0
1760802076000,106882.32,-7.309440519520649e-08,-7.309440519520649e-08,0.0,0.03936999663710594,-0.0078125
1760802077000,106882.33,7.309440519520649e-08,0.0,0.0,0.04916999861598015,0.015625
1760802078000,106882.32,-7.309440519520649e-08,-7.309440519520649e-08,0.0,0.12049999833106995,-0.015625
1760802079000,106882.32,0.0,-7.309440519520649e-08,0.0,0.12049999833106995,0.0078125
1760802080000,106882.32,0.0,-7.309440519520649e-08,0.0,0.11997000128030777,0.0
1760802081000,106882.32,0.0,0.0,0.0,0.21863999962806702,0.0
1760802082000,106882.33,7.309440519520649e-08,0.0,0.0,0.20748001337051392,0.0078125
1760802083000,106882.32,-7.309440519520649e-08,0.0,0.0,0.2702000141143799,-0.015625
1760802084000,106882.33,7.309440519520649e-08,7.309440519520649e-08,0.0,0.2637600004673004,0.015625
1760802085000,106882.33,0.0,7.309440519520649e-08,0.0,0.26180002093315125,-0.0078125
1760802087000,106880.51,-1.703099587757606e-05,-1.703099587757606e-05,0.0,3.140630006790161,-1.8203125
1760802088000,106880.52,1.4619129728998814e-07,-1.6811714885989204e-05,0.0,3.0707199573516846,1.8359375
1760802089000,106880.52,0.0,-1.6884807337191887e-05,0.0,3.0727999210357666,-0.015625
1760802090000,106880.51,-1.461912688682787e-07,-1.703099587757606e-05,0.0,3.072929859161377,-0.015625
1760802091000,106880.52,1.4619129728998814e-07,-1.6884807337191887e-05,0.0,2.974289894104004,0.03125
1760802092000,106880.51,-1.461912688682787e-07,0.0,0.0,2.9744203090667725,-0.03125
1760802093000,106880.52,1.4619129728998814e-07,0.0,0.0,2.9781599044799805,0.03125
1760802094000,106870.99,-8.917667582863942e-05,-8.917667582863942e-05,0.0,3.5451998710632324,-9.546875
1760802095000,106867.22,-3.53083414665889e-05,-0.00012433569645509124,0.0,3.5575497150421143,5.7578125
1760802096000,106867.22,0.0,-0.00012448187044356018,0.0,3.5571300983428955,3.7734375
1760802097000,106867.22,0.0,-0.00012433569645509124,0.0,0.6668300032615662,0.0
1760802098000,106867.21,-7.310473648658444e-08,-0.00012455496471375227,0.0,0.7014399766921997,-0.0078125
1760802099000,106867.21,0.0,-3.53814430127386e-05,0.0,0.6992000341415405,0.0078125
1760802099000,106867.21,0.0,-3.53814430127386e-05,0.0,0.6992000341415405,0.0078125
1760802101000,106867.21,-7.310473648658444e-08,-7.310473648658444e-08,0.0,0.886900007724762,-0.015625
1760802102000,106867.22,7.31047435920118e-08,0.0,0.0,0.8968400359153748,0.015625
1760802103000,106867.22,0.0,7.31047435920118e-08,0.0,0.8340700268745422,-0.0078125
1760802104000,106867.22,0.0,7.31047435920118e-08,0.0,0.27066999673843384,0.0
1760802105000,106867.22,0.0,0.0,0.0,0.5097000002861023,0.0
1760802106000,106867.22,0.0,7.31047435920118e-08,0.0,0.5148299932479858,0.0
1760802107000,106867.22,0.0,0.0,0.0,0.5151399374008179,0.0
1760802108000,106867.22,0.0,0.0,0.0,0.47589999437332153,0.0
1760802109000,106881.69,0.00013538997154682875,0.00013538997154682875,0.0,1.585189938545227,14.46875
1760802110000,106881.69,0.0,0.00013538997154682875,0.0,1.404539942741394,-14.46875
1760802111000,106867.21,-0.00013544474495574832,-7.310473648658444e-08,0.0,2.521749973297119,-14.4765625
1760802112000,106865.79,-1.3305063475854695e-05,-1.33781668409938e-05,0.0,2.5471999645233154,13.0546875
1760802113000,106865.79,0.0,-1.33781668409938e-05,0.0,2.5435099601745605,1.421875
1760802114000,106865.78,-7.310571703555979e-08,-0.00014882109826430678,0.0,2.5484302043914795,-0.0078125
1760802115000,106865.79,7.310572414098715e-08,-0.0001487480039941147,0.0,2.3120100498199463,0.015625
1760802116000,106865.79,0.0,-1.3305063475854695e-05,0.0,2.3085598945617676,-0.0078125
1760802117000,106865.79,0.0,0.0,0.0,2.309080123901367,0.0
1760802118000,106865.78,-7.310571703555979e-08,-7.310571703555979e-08,0.0,2.3283400535583496,-0.0078125
1760802118000,106865.78,-7.310571703555979e-08,-7.310571703555979e-08,0.0,2.3283400535583496,-0.0078125
1760802120000,106865.78,0.0,-7.310571703555979e-08,0.0,1.2479499578475952,0.0
1760802121000,106865.79,7.310572414098715e-08,0.0,0.0,0.1324400007724762,0.0078125
1760802122000,106865.79,0.0,0.0,0.0,0.0952800065279007,-0.0078125
1760802123000,106865.79,0.0,7.310572414098715e-08,0.0,0.09578000009059906,0.0
1760802124000,106865.78,-7.310571703555979e-08,0.0,0.0,0.09401001036167145,-0.0078125
1760802125000,106865.79,7.310572414098715e-08,7.310572414098715e-08,0.0,0.08236000686883926,0.015625
1760802126000,106865.79,0.0,0.0,0.0,0.0811300054192543,-0.0078125
1760802127000,106865.53,-2.412488584013772e-06,-2.412488584013772e-06,0.0,0.212009996175766,-0.2578125
1760802128000,106865.54,7.310589467124373e-08,-2.3393829451379133e-06,0.0,0.19951999187469482,0.265625
1760802129000,106858.61,-6.484492041636258e-05,-6.711105379508808e-05,0.0,0.3737899959087372,-6.9375
1760802130000,106858.61,0.0,-6.718415534123778e-05,0.0,0.341560035943985,6.9296875
1760802131000,106858.61,0.0,-6.718415534123778e-05,0.0,0.3423300087451935,0.0
1760802132000,106858.61,0.0,-6.477181887021288e-05,0.0,0.3423900008201599,0.0
1760802133000,106858.6,-7.31106268858639e-08,-6.49180292384699e-05,0.0,0.3512499928474426,-0.0078125
1760802134000,106858.61,7.311063399129125e-08,0.0,0.0,0.3444799780845642,0.015625
1760802135000,106858.61,0.0,0.0,0.0,0.33247998356819153,-0.0078125
1760802136000,106858.61,0.0,0.0,0.0,0.3355800211429596,0.0
1760802137000,106858.61,0.0,0.0,0.0,0.22106000781059265,0.0
1760802138000,106858.6,-7.31106268858639e-08,0.0,0.0,0.21633999049663544,-0.0078125
1760802139000,106858.61,7.311063399129125e-08,0.0,0.0,0.04378000274300575,0.015625
1760802140000,106858.61,0.0,0.0,0.0,0.03800000250339508,-0.0078125
1760802141000,106858.61,0.0,0.0,0.0,0.03652999922633171,0.0
1760802142000,106858.61,0.0,0.0,0.0,0.03770999610424042,0.0
1760802143000,106858.61,0.0,7.311063399129125e-08,0.0,0.028530001640319824,0.0
1760802144000,106858.61,0.0,0.0,0.0,0.028610000386834145,0.0
1760802145000,106858.61,0.0,0.0,0.0,0.5874999761581421,0.0
1760802146000,106858.6,-7.31106268858639e-08,-7.31106268858639e-08,0.0,0.5867599844932556,-0.0078125
1760802147000,106858.6,0.0,-7.31106268858639e-08,0.0,0.5812699794769287,0.0078125
1760802148000,106858.6,0.0,-7.31106268858639e-08,0.0,0.579759955406189,0.0
1760802149000,106858.61,7.311063399129125e-08,0.0,0.0,0.5874499678611755,0.0078125
1760802150000,106858.61,0.0,0.0,0.0,0.6025299429893494,-0.0078125
1760802151000,106858.72,1.023548747980385e-06,1.0966595027639414e-06,0.0,0.717449963092804,0.109375
1760802152000,106860.0,1.1990130587946624e-05,1.3086802937323228e-05,0.0,0.7172200083732605,1.171875
1760802153000,106860.0,0.0,1.3086802937323228e-05,0.0,0.7172799706459045,-1.28125
1760802154000,106859.99,-7.310967475859798e-08,1.2940580745635089e-05,0.0,0.7170200347900391,-0.0078125
1760802155000,106859.99,0.0,1.2940580745635089e-05,0.0,0.16464000940322876,0.0078125
1760802156000,106860.0,7.310968186402533e-08,1.1990130587946624e-05,0.0,0.1621600091457367,0.0078125
1760802157000,106860.0,0.0,0.0,0.0,0.15073999762535095,-0.0078125
1760802158000,106860.0,0.0,0.0,0.0,0.14988000690937042,0.0
1760802158000,106860.0,0.0,0.0,0.0,0.14988000690937042,0.0
1760802160000,106859.99,0.0,0.0,0.0,0.1602100133895874,0.0078125
1760802161000,106860.0,7.310968186402533e-08,0.0,0.0,0.04519999772310257,0.0078125
1760802162000,106860.0,0.0,0.0,0.0,0.05590000003576279,-0.0078125
1760802163000,106860.0,0.0,0.0,0.0,0.05565999820828438,0.0
1760802164000,106860.0,0.0,7.310968186402533e-08,0.0,0.05536000058054924,0.0
1760802165000,106859.99,-7.310967475859798e-08,0.0,0.0,0.04868000000715256,-0.0078125
1760802166000,106860.0,7.310968186402533e-08,0.0,0.0,0.05445000156760216,0.015625
1760802167000,106859.99,-7.310967475859798e-08,-7.310967475859798e-08,0.0,0.09902999550104141,-0.015625
1760802168000,106860.0,7.310968186402533e-08,0.0,0.0,0.10541000217199326,0.015625
1760802169000,106859.71,-2.705058022911544e-06,-2.705058022911544e-06,0.0,0.1296899914741516,-0.296875
1760802170000,106859.71,0.0,-2.6319485186832026e-06,0.0,0.1296899914741516,0.2890625
1760802171000,106856.68,-2.836663043126464e-05,-3.107161319348961e-05,0.0,0.1531900018453598,-3.03125
1760802172000,106856.67,-7.311194849535241e-08,-3.107161319348961e-05,0.0,0.14218001067638397,3.0234375
1760802173000,106851.89,-4.4744516344508156e-05,-7.588784501422197e-05,0.0,0.16589000821113586,-4.7734375
1760802174000,106851.9,7.311522409736426e-08,-7.310987712116912e-05,0.0,0.2374899983406067,4.7890625
1760802175000,106850.25,-1.542731115478091e-05,-8.853605686454102e-05,0.0,0.2477099895477295,-1.65625
1760802176000,106850.24,-7.311634675488676e-08,-6.024424510542303e-05,0.0,0.24348999559879303,1.640625
1760802177000,106850.25,7.311635386031412e-08,-6.0098023823229596e-05,0.0,0.19988000392913818,0.015625
1760802178000,106850.25,0.0,-1.5354196875705384e-05,0.0,0.19349998235702515,-0.0078125
1760802179000,106850.24,-7.311634675488676e-08,-1.550042725284584e-05,0.0,0.13906998932361603,-0.0078125
1760802180000,106850.25,7.311635386031412e-08,0.0,0.0,0.139289990067482,0.015625
1760802181000,106850.25,0.0,7.311635386031412e-08,0.0,0.1181199923157692,-0.0078125
1760802182000,106850.25,0.0,0.0,0.0,0.1175599917769432,0.0
1760802183000,106850.24,-7.311634675488676e-08,-7.311634675488676e-08,0.0,0.09512999653816223,-0.0078125
1760802185000,106850.24,0.0,-7.311634675488676e-08,0.0,0.013370000757277012,0.0
1760802186000,106850.25,7.311635386031412e-08,0.0,0.0,0.020980000495910645,0.0078125
1760802187000,106850.25,0.0,0.0,0.0,0.046720001846551895,-0.0078125
1760802188000,106850.24,-7.311634675488676e-08,0.0,0.0,0.07214000076055527,-0.0078125
1760802189000,106850.25,7.311635386031412e-08,7.311635386031412e-08,0.0,0.06844999641180038,0.015625
1760802190000,106850.24,-7.311634675488676e-08,0.0,0.0,0.0751899927854538,-0.015625
1760802191000,106850.25,7.311635386031412e-08,0.0,0.0,0.0747000053524971,0.015625
1760802192000,106850.25,0.0,0.0,0.0,0.07481999695301056,-0.0078125
1760802193000,106850.24,-7.311634675488676e-08,0.0,0.0,0.07894999533891678,-0.0078125
1760802194000,106850.25,7.311635386031412e-08,0.0,0.0,0.09146000444889069,0.015625
1760802195000,106850.25,0.0,7.311635386031412e-08,0.0,0.0917000025510788,-0.0078125
1760802196000,106850.25,0.0,0.0,0.0,0.10215999186038971,0.0
1760802197000,106850.25,0.0,0.0,0.0,0.08068999648094177,0.0
1760802198000,106850.24,-7.311634675488676e-08,0.0,0.0,0.056449998170137405,-0.0078125
1760802199000,106850.24,0.0,-7.311634675488676e-08,0.0,0.055479995906353,0.0078125
1760802200000,106850.25,7.311635386031412e-08,0.0,0.0,0.04877999797463417,0.0078125
1760802201000,106850.25,0.0,0.0,0.0,0.045979999005794525,-0.0078125
1760802202000,106850.25,0.0,0.0,0.0,0.07129000127315521,0.0
1760802203000,106850.25,0.0,7.311635386031412e-08,0.0,0.07041999697685242,0.0
1760802204000,106850.25,0.0,7.311635386031412e-08,0.0,0.05881999805569649,0.0
1760802205000,106850.25,0.0,0.0,0.0,0.08196999877691269,0.0
1760802206000,106850.24,-7.311634675488676e-08,-7.311634675488676e-08,0.0,0.06339000165462494,-0.0078125
1760802207000,106850.24,0.0,-7.311634675488676e-08,0.0,0.0582599975168705,0.0078125
1760802208000,106850.25,7.311635386031412e-08,0.0,0.0,0.057360000908374786,0.0078125
1760802209000,106850.25,0.0,0.0,0.0,0.057360000908374786,-0.0078125
1760802210000,106850.24,-7.311634675488676e-08,-7.311634675488676e-08,0.0,0.07948999851942062,-0.0078125
1760802211000,106850.24,0.0,0.0,0.0,0.07948999851942062,0.0078125
1760802212000,106850.24,0.0,0.0,0.0,0.05649000033736229,0.0
1760802213000,106850.24,0.0,-7.311634675488676e-08,0.0,0.05664000287652016,0.0
1760802214000,106850.25,7.311635386031412e-08,0.0,0.0,0.061480000615119934,0.0078125
1760802215000,106850.25,0.0,7.311635386031412e-08,0.0,0.04083000123500824,-0.0078125
1760802215000,106850.25,0.0,7.311635386031412e-08,0.0,0.04083000123500824,-0.0078125
1760802217000,106850.25,0.0,7.311635386031412e-08,0.0,0.12928999960422516,0.0
1760802218000,106850.25,0.0,7.311635386031412e-08,0.0,0.13009001314640045,0.0
1760802219000,106850.25,0.0,0.0,0.0,0.13281001150608063,0.0
1760802220000,106850.25,0.0,0.0,0.0,0.11235000193119049,0.0
1760802221000,106850.24,-7.311634675488676e-08,-7.311634675488676e-08,0.0,0.11834000051021576,-0.0078125
1760802222000,106850.25,7.311635386031412e-08,0.0,0.0,0.11873000115156174,0.015625
1760802223000,106850.25,0.0,0.0,0.0,0.11945001035928726,-0.0078125
1760802224000,106850.25,0.0,0.0,0.0,0.11429000645875931,0.0
1760802225000,106850.24,-7.311634675488676e-08,-7.311634675488676e-08,0.0,0.11521000415086746,-0.0078125
1760802226000,106850.24,0.0,0.0,0.0,0.025340000167489052,0.0078125
1760802227000,106850.24,0.0,-7.311634675488676e-08,0.0,0.024959998205304146,0.0
1760802228000,106850.24,0.0,-7.311634675488676e-08,0.0,0.024859998375177383,0.0
1760802229000,106850.25,7.311635386031412e-08,0.0,0.0,0.022210000082850456,0.0078125
1760802230000,106850.24,-7.311634675488676e-08,0.0,0.0,0.026999998837709427,-0.015625
1760802231000,106850.24,0.0,0.0,0.0,0.041519999504089355,0.0078125
1760802232000,106850.25,7.311635386031412e-08,7.311635386031412e-08,0.0,0.04219000041484833,0.0078125
1760802233000,106850.25,0.0,7.311635386031412e-08,0.0,0.04089999571442604,-0.0078125
1760802234000,106850.24,-7.311634675488676e-08,-7.311634675488676e-08,0.0,0.04527999833226204,-0.0078125
1760802235000,106850.24,0.0,0.0,0.0,0.6571199893951416,0.0078125
1760802236000,106850.24,0.0,0.0,0.0,0.6602299809455872,0.0
1760802237000,106850.24,0.0,-7.311634675488676e-08,0.0,0.6680200695991516,0.0
1760802238000,106850.24,0.0,-7.311634675488676e-08,0.0,0.6670400500297546,0.0
1760802239000,106850.25,7.311635386031412e-08,7.311635386031412e-08,0.0,0.6735399961471558,0.0078125
1760802240000,106850.25,0.0,7.311635386031412e-08,0.0,0.6682699918746948,-0.0078125
1760802241000,106850.25,0.0,7.311635386031412e-08,0.0,0.6583900451660156,0.0
1760802242000,106850.25,0.0,7.311635386031412e-08,0.0,0.6574500203132629,0.0
1760802243000,106850.25,0.0,7.311635386031412e-08,0.0,0.6547600030899048,0.0
1760802244000,106850.25,0.0,0.0,0.0,0.6502099633216858,0.0
1760802245000,106850.24,-7.311634675488676e-08,-7.311634675488676e-08,0.0,0.03850000351667404,-0.0078125
1760802246000,106850.25,7.311635386031412e-08,0.0,0.0,0.060429997742176056,0.015625
1760802247000,106850.25,0.0,0.0,0.0,0.0568000003695488,-0.0078125
1760802248000,106850.25,0.0,0.0,0.0,0.0568000003695488,0.0
1760802249000,106850.24,-7.311634675488676e-08,-7.311634675488676e-08,0.0,0.06004999950528145,-0.0078125
1760802250000,106850.24,0.0,0.0,0.0,0.06068999692797661,0.0078125
1760802251000,106850.25,7.311635386031412e-08,0.0,0.0,0.050429996103048325,0.0078125
1760802252000,106850.25,0.0,0.0,0.0,0.047359999269247055,-0.0078125
1760802253000,106850.25,0.0,0.0,0.0,0.04939999803900719,0.0
1760802254000,106850.25,0.0,7.311635386031412e-08,0.0,0.04893000051379204,0.0
1760802255000,106850.25,0.0,7.311635386031412e-08,0.0,0.05069999769330025,0.0
1760802256000,106850.25,0.0,0.0,0.0,0.028439998626708984,0.0
1760802257000,106850.25,0.0,0.0,0.0,0.03378999978303909,0.0
1760802258000,106850.24,-7.311634675488676e-08,-7.311634675488676e-08,0.0,0.03821000084280968,-0.0078125
1760802259000,106850.25,7.311635386031412e-08,0.0,0.0,0.028540002182126045,0.015625
1760802260000,106850.25,0.0,0.0,0.0,0.02931000106036663,-0.0078125
1760802261000,106863.03,0.00011961834388785064,0.00011961834388785064,0.0,0.9727100133895874,12.78125
1760802262000,106863.04,7.310759997380956e-08,0.00011969145998591557,0.0,0.977620005607605,-12.7734375
1760802263000,106863.03,-7.310759997380956e-08,0.00011969146726187319,0.0,0.977590024471283,-0.015625
1760802264000,106863.04,7.310759997380956e-08,0.00011969145998591557,0.0,0.98048996925354,0.015625
1760802265000,106866.47,3.209423448424786e-05,0.00015178954345174134,0.0,1.0571000576019287,3.421875
1760802266000,106866.47,0.0,3.216734330635518e-05,0.0,1.2408900260925293,-3.4296875
1760802267000,106866.48,7.310524807735419e-08,3.216734330635518e-05,0.0,1.2314599752426147,0.0078125
1760802268000,106876.48,9.357471572002396e-05,0.00012581818737089634,0.0,2.1609199047088623,9.9921875
1760802269000,106888.19,0.00010957451013382524,0.0002353333547944203,0.0,2.3992600440979004,1.7109375
1760802270000,106891.72,3.3036860259016976e-05,0.0002362761733820662,0.0,2.50888991355896,-8.1796875
1760802271000,106891.72,0.0,0.0002362761733820662,0.0,1.565119981765747,-3.53125
1760802272000,106891.71,-7.308798188887522e-08,0.00023612994118593633,0.0,1.579390048980713,-0.0078125
1760802273000,106891.71,0.0,0.00014254188863560557,0.0,1.5762299299240112,0.0078125
1760802274000,106891.71,0.0,3.2963769626803696e-05,0.0,2.5719900131225586,0.0
1760802275000,106891.71,0.0,-7.308798188887522e-08,0.0,2.5085699558258057,0.0
1760802276000,106891.71,0.0,-7.308798188887522e-08,0.0,2.33335018157959,0.0
1760802277000,106891.72,7.308798899430258e-08,7.308798899430258e-08,0.0,2.336059808731079,0.0078125
1760802278000,106891.72,0.0,7.308798899430258e-08,0.0,1.4255799055099487,-0.0078125
1760802279000,106891.72,0.0,7.308798899430258e-08,0.0,1.1875499486923218,0.0
1760802280000,106891.71,-7.308798188887522e-08,0.0,0.0,2.0700900554656982,-0.0078125
1760802282000,106880.67,-0.0001032733271131292,-0.00010334640683140606,0.0,2.909909963607788,-11.0390625
1760802283000,106880.67,0.0,-0.00010334640683140606,0.0,2.9181699752807617,11.0390625
1760802284000,106880.68,7.309553495815635e-08,-0.00010327331983717158,0.0,1.919740080833435,0.0078125
1760802285000,106880.68,0.0,-0.00010320024011889473,0.0,1.910620093345642,-0.0078125
1760802285000,106880.68,0.0,-0.00010320024011889473,0.0,1.910620093345642,-0.0078125
1760802287000,106880.67,0.0,0.0,0.0,1.9090900421142578,0.0078125
1760802288000,106880.68,7.309553495815635e-08,7.309553495815635e-08,0.0,1.9174600839614868,0.0078125
1760802288000,106880.68,7.309553495815635e-08,7.309553495815635e-08,0.0,1.9174600839614868,0.0078125
1760802290000,106880.68,0.0,0.0,0.0,0.9354600310325623,0.0
1760802291000,106880.68,0.0,7.309553495815635e-08,0.0,0.9355500340461731,0.0
1760802292000,106880.68,0.0,7.309553495815635e-08,0.0,0.0774100050330162,0.0
1760802293000,106885.46,4.473446460906416e-05,4.473446460906416e-05,0.0,0.8752000331878662,4.78125
1760802294000,106885.54,7.309226361940091e-07,4.546542186290026e-05,0.0,1.9162399768829346,-4.703125
1760802294000,106885.54,7.309226361940091e-07,4.546542186290026e-05,0.0,1.9162399768829346,-4.703125
1760802295000,106885.54,0.0,4.546542186290026e-05,0.0,1.9065500497817993,-0.078125
1760802296000,106885.62,7.309220677598205e-07,4.6196375478757545e-05,0.0,1.9127999544143677,0.078125
1760802298000,106897.86,0.00011051489127567038,0.00011599741992540658,0.0,2.1521201133728027,11.3828125
1760802299000,106897.86,0.0,0.00011526641173986718,0.0,2.167030096054077,-11.8125
1760802300000,106897.86,0.0,0.00011526641173986718,0.0,2.195199966430664,0.0
1760802301000,106897.86,0.0,0.00011453540355432779,0.0,2.4193801879882812,0.0
1760802302000,106897.86,0.0,0.00011051489127567038,0.0,2.418790102005005,0.0
1760802303000,106897.85,-7.308378258130688e-08,-7.308378258130688e-08,0.0,1.613010048866272,-0.0078125
1760802304000,106897.86,7.308378968673424e-08,0.0,0.0,0.5722299814224243,0.015625
1760802305000,106897.86,0.0,0.0,0.0,0.572890043258667,-0.0078125
1760802306000,106897.86,0.0,0.0,0.0,0.5649999976158142,0.0
1760802307000,106897.86,0.0,0.0,0.0,0.4599999785423279,0.0
1760802307000,106897.86,0.0,0.0,0.0,0.4599999785423279,0.0
1760802309000,106897.86,7.308378968673424e-08,0.0,0.0,0.264460027217865,0.015625
1760802310000,106909.57,0.00010955258767353371,0.00010955258767353371,0.0,0.6783000230789185,11.703125
1760802311000,106909.57,0.0,0.00010955258767353371,0.0,0.45454999804496765,-11.7109375
1760802312000,106909.57,0.0,0.00010955258767353371,0.0,0.455670028924942,0.0
1760802313000,106926.11,0.00015470142534468323,0.0002643440675456077,0.0,0.7810699939727783,16.5390625
1760802314000,106926.11,0.0,0.00026427095872350037,0.0,1.101580023765564,-16.5390625
1760802315000,106926.11,0.0,0.00015470142534468323,0.0,1.105430006980896,0.0
1760802316000,106926.1,-7.306447713517628e-08,0.00015462834562640637,0.0,1.1242200136184692,-0.0078125
1760802317000,106926.11,7.306447713517628e-08,0.00015470142534468323,0.0,1.1234700679779053,0.015625
1760802317000,106926.11,7.306447713517628e-08,0.00015470142534468323,0.0,1.1234700679779053,0.015625
1760802319000,106926.11,0.0,0.0,0.0,1.12624990940094,0.0
1760802320000,106926.1,-7.306447713517628e-08,-7.306447713517628e-08,0.0,0.6779999732971191,-0.0078125
1760802321000,106926.11,7.306447713517628e-08,7.306447713517628e-08,0.0,0.694320023059845,0.015625
1760802322000,106928.0,1.7681602912489325e-05,1.7681602912489325e-05,0.0,0.7125700116157532,1.8828125
1760802323000,106928.0,0.0,1.7681602912489325e-05,0.0,0.3866199851036072,-1.890625
1760802324000,106928.0,0.0,1.7681602912489325e-05,0.0,2.189729928970337,0.0
1760802325000,106928.0,0.0,1.7754668078850955e-05,0.0,2.1855599880218506,0.0
1760802326000,106927.99,-7.306318394739719e-08,1.7608537746127695e-05,0.0,2.1692399978637695,-0.0078125
1760802327000,106928.0,7.306319105282455e-08,0.0,0.0,2.1694300174713135,0.015625
1760802328000,106928.0,0.0,0.0,0.0,2.1695501804351807,-0.0078125
1760802329000,106928.0,0.0,0.0,0.0,2.180720090866089,0.0
1760802330000,106928.0,0.0,0.0,0.0,2.2081401348114014,0.0
1760802331000,106927.99,-7.306318394739719e-08,0.0,0.0,2.19143009185791,-0.0078125
1760802332000,106927.99,0.0,-7.306318394739719e-08,0.0,2.1717898845672607,0.0078125
1760802332000,106927.99,0.0,-7.306318394739719e-08,0.0,2.1717898845672607,0.0078125
1760802334000,106927.99,0.0,-7.306318394739719e-08,0.0,0.055980000644922256,0.0
1760802335000,106928.0,7.306319105282455e-08,0.0,0.0,0.05592000111937523,0.0078125
1760802336000,106927.99,-7.306318394739719e-08,0.0,0.0,0.06369000673294067,-0.015625
1760802337000,106928.0,7.306319105282455e-08,7.306319105282455e-08,0.0,0.06975999474525452,0.015625
1760802338000,106939.97,0.00011193279351573437,0.00011200586595805362,0.0,0.20145000517368317,11.9609375
1760802339000,106939.98,7.30550056005086e-08,0.00011207893112441525,0.0,0.18908999860286713,-11.9609375
1760802340000,106939.98,0.0,0.000112005858682096,0.0,0.15951000154018402,-0.0078125
1760802341000,106939.98,0.0,0.00011207893112441525,0.0,0.16131000220775604,0.0
1760802342000,106939.97,-7.305499849508124e-08,0.00011193279351573437,0.0,0.16217000782489777,-0.0078125
1760802343000,106939.97,0.0,0.0,0.0,0.15881000459194183,0.0078125
1760802344000,106939.98,7.30550056005086e-08,0.0,0.0,0.15467999875545502,0.0078125
1760802345000,106939.98,0.0,0.0,0.0,0.15440000593662262,-0.0078125
1760802346000,106939.98,0.0,0.0,0.0,0.14416000247001648,0.0
1760802347000,106939.97,-7.305499849508124e-08,0.0,0.0,0.1396699994802475,-0.0078125
1760802348000,106939.97,0.0,0.0,0.0,0.019529998302459717,0.0078125
1760802349000,106939.97,0.0,-7.305499849508124e-08,0.0,0.025609999895095825,0.0
1760802350000,106939.97,0.0,-7.305499849508124e-08,0.0,0.027389999479055405,0.0
1760802351000,106939.98,7.30550056005086e-08,0.0,0.0,0.025839999318122864,0.0078125
1760802352000,106939.97,-7.305499849508124e-08,0.0,0.0,0.029109999537467957,-0.015625
1760802353000,106939.98,7.30550056005086e-08,7.30550056005086e-08,0.0,0.030340000987052917,0.015625
1760802354000,106939.97,-7.305499849508124e-08,0.0,0.0,0.043719999492168427,-0.015625
1760802355000,106939.97,0.0,0.0,0.0,0.048340000212192535,0.0078125
1760802356000,106939.98,7.30550056005086e-08,0.0,0.0,0.05380000174045563,0.0078125
1760802357000,106939.98,0.0,7.30550056005086e-08,0.0,0.05195000395178795,-0.0078125
1760802358000,106939.98,0.0,0.0,0.0,0.04031999781727791,0.0
1760802359000,106939.98,0.0,7.30550056005086e-08,0.0,0.03344999998807907,0.0
1760802360000,106927.91,-0.00011286997323622927,-0.00011279692989774048,0.0,0.6445799469947815,-12.0703125
1760802361000,106927.92,1.4612649579248682e-07,-0.00011272386473137885,0.0,0.6549199819564819,12.0859375
1760802362000,106927.92,0.0,-0.00011272386473137885,0.0,0.6512899994850159,-0.015625
1760802363000,106927.92,0.0,-0.00011272386473137885,0.0,0.6501299738883972,0.0
1760802364000,106910.35,-0.00016431922267656773,-0.00027702454826794565,0.0,1.0998499393463135,-17.5703125
1760802365000,106910.34,-7.307524185762304e-08,-0.00016424617206212133,0.0,1.1133300065994263,17.5625
1760802366000,106910.34,0.0,-0.00016439228784292936,0.0,1.1240400075912476,0.0078125
1760802367000,106906.24,-3.836450559902005e-05,-0.0002027504815487191,0.0,1.236449956893921,-4.1015625
1760802368000,106906.24,0.0,-0.0002027504815487191,0.0,1.245519995689392,4.1015625
1760802369000,106906.25,7.307805560685665e-08,-3.836450196104124e-05,0.0,1.2444100379943848,0.0078125
1760802370000,106906.25,0.0,-3.8291429518722e-05,0.0,0.6375499963760376,-0.0078125
1760802371000,106906.25,0.0,-3.8291429518722e-05,0.0,0.6370099782943726,0.0
1760802372000,106906.25,0.0,7.307805560685665e-08,0.0,0.6409800052642822,0.0
1760802373000,106906.24,-7.30780485014293e-08,0.0,0.0,0.6476999521255493,-0.0078125
1760802374000,106906.25,7.307805560685665e-08,0.0,0.0,0.19370998442173004,0.015625
1760802375000,106906.25,0.0,0.0,0.0,0.20381999015808105,-0.0078125
1760802376000,106916.95,0.00010011692211264744,0.00010011692211264744,0.0,0.6689199805259705,10.703125
1760802378000,106925.38,1.4612996324103733e-07,0.00017904123524203897,0.0,0.6686400175094604,-8.3984375
1760802378000,106925.38,1.4612996324103733e-07,0.00017904123524203897,0.0,0.6686400175094604,-8.3984375
1760802379000,106925.37,-1.4612994903018262e-07,0.00017882198153529316,0.0,0.6777200102806091,-0.03125
1760802381000,106925.38,1.4612996324103733e-07,7.884331716923043e-05,0.0,0.7407200336456299,0.015625
1760802382000,106925.38,0.0,1.4612996324103733e-07,0.0,0.7473599910736084,-0.015625
1760802383000,106925.38,0.0,0.0,0.0,0.8700600266456604,0.0
1760802384000,106925.37,-1.4612994903018262e-07,0.0,0.0,0.8616000413894653,-0.015625
1760802385000,106925.37,0.0,0.0,0.0,0.849530041217804,0.015625
1760802386000,106925.38,1.4612996324103733e-07,0.0,0.0,0.36831003427505493,0.015625
1760802387000,106925.38,0.0,0.0,0.0,0.27698999643325806,-0.015625
1760802388000,106925.38,0.0,0.0,0.0,0.265610009431839,0.0
1760802389000,106921.1,-4.0039605664787814e-05,-3.989347897004336e-05,0.0,0.3167000114917755,-4.28125
1760802390000,106911.22,-9.243089152732864e-05,-0.0001323206815868616,0.0,0.4121300280094147,-5.6015625
1760802391000,106911.22,0.0,-0.00013246679736766964,0.0,0.3391000032424927,9.8828125
1760802392000,106911.23,7.307465210715236e-08,-0.000132393732201308,0.0,0.4326900243759155,0.0078125
1760802393000,106911.22,-7.3074645001725e-08,-0.00013246679736766964,0.0,0.3190300166606903,-0.015625
1760802394000,106911.23,7.307465210715236e-08,-9.23578190850094e-05,0.0,0.318060040473938,0.015625
1760802395000,106911.23,0.0,7.307465210715236e-08,0.0,0.3111100196838379,-0.0078125
1760802396000,106911.23,0.0,7.307465210715236e-08,0.0,0.3149600028991699,0.0
1760802397000,106911.23,0.0,0.0,0.0,0.2960299849510193,0.0
1760802398000,106911.23,0.0,7.307465210715236e-08,0.0,0.29667001962661743,0.0
1760802399000,106911.23,0.0,0.0,0.0,0.23649001121520996,0.0
1760802399000,106911.23,0.0,0.0,0.0,0.23649001121520996,0.0
1760802401000,106911.22,0.0,-7.3074645001725e-08,0.0,0.13890999555587769,0.0078125
1760802402000,106911.22,0.0,-7.3074645001725e-08,0.0,0.03539000079035759,0.0
1760802403000,106911.22,0.0,-7.3074645001725e-08,0.0,0.03966999799013138,0.0
1760802404000,106911.23,7.307465210715236e-08,0.0,0.0,0.0466499999165535,0.0078125
1760802405000,106911.23,0.0,7.307465210715236e-08,0.0,0.03836999833583832,-0.0078125
1760802406000,106911.23,0.0,7.307465210715236e-08,0.0,0.03612999990582466,0.0
1760802406000,106911.23,0.0,7.307465210715236e-08,0.0,0.03612999990582466,0.0
1760802408000,106914.69,3.2445146644022316e-05,3.2445146644022316e-05,0.0,0.3316899836063385,3.4765625
1760802409000,106917.64,2.7621321351034567e-05,5.999428321956657e-05,0.0,0.3519899845123291,-0.515625
1760802410000,106917.63,-7.307026095304536e-08,5.9921210777247325e-05,0.0,0.37529999017715454,-2.9609375
1760802411000,106925.33,7.197421655291691e-05,0.00013189973833505064,0.0,0.544219970703125,7.703125
1760802412000,106925.34,1.461300200844562e-07,0.000132118962937966,0.0,0.5468199849128723,-7.6796875
